{"L": {"precision": 0.12903225806451613, "recall": 0.14814814814814814, "f1-score": 0.13793103448275862, "support": 27.0}, "M": {"precision": 0.16666666666666666, "recall": 0.0967741935483871, "f1-score": 0.12244897959183673, "support": 31.0}, "S": {"precision": 0.1875, "recall": 0.10714285714285714, "f1-score": 0.13636363636363635, "support": 28.0}, "XL": {"precision": 0.15789473684210525, "recall": 0.25, "f1-score": 0.1935483870967742, "support": 24.0}, "XS": {"precision": 0.18, "recall": 0.2727272727272727, "f1-score": 0.21686746987951808, "support": 33.0}, "XXL": {"precision": 0.09302325581395349, "recall": 0.15384615384615385, "f1-score": 0.11594202898550725, "support": 26.0}, "XXS": {"precision": 0.0, "recall": 0.0, "f1-score": 0.0, "support": 31.0}, "accuracy": 0.145, "macro avg": {"precision": 0.13058813105532022, "recall": 0.14694837505897412, "f1-score": 0.1318716480571473, "support": 200.0}, "weighted avg": {"precision": 0.1302430798489096, "recall": 0.145, "f1-score": 0.13077259333266553, "support": 200.0}}